,posteriors1,posteriors2,id,treatment,prior,recall_num_orange,num_misremember_orange,num_misremember_blue
0,20,100,6625,7,75.0,2.0,1.0,1.0
1,40,100,11295,4,80.0,2.0,1.0,0.0
2,50,46,5975,5,50.0,4.0,0.0,0.0
3,100,0,6445,6,61.0,3.0,1.0,0.0
4,45,55,9855,2,70.0,1.0,0.0,1.0
5,30,70,4525,1,60.0,4.0,1.0,0.0
6,70,0,10515,8,45.0,10.0,0.0,0.0
7,45,60,5124,1,68.0,1.0,2.0,1.0
8,90,10,11385,3,40.0,3.0,1.0,0.0
9,80,81,11485,7,88.0,2.0,1.0,0.0
10,34,46,10635,2,47.0,2.0,1.0,2.0
11,78,41,3225,3,45.0,3.0,1.0,0.0
12,75,4,11554,5,51.0,1.0,2.0,2.0
13,60,0,11015,8,20.0,4.0,1.0,0.0
14,50,100,11164,1,75.0,2.0,1.0,0.0
15,45,66,11170,7,70.0,3.0,1.0,1.0
16,77,11,6324,8,37.0,1.0,2.0,0.0
17,80,5,6325,6,35.0,3.0,0.0,0.0
18,48,35,11556,6,61.0,2.0,1.0,1.0
19,65,5,11225,6,45.0,1.0,2.0,0.0
20,55,42,5815,2,63.0,3.0,0.0,0.0
21,28,80,6735,1,68.0,0.0,2.0,1.0
22,67,0,10585,8,20.0,5.0,1.0,0.0
23,50,100,11216,4,75.0,2.0,0.0,1.0
24,63,68,11185,4,35.0,1.0,1.0,1.0
25,60,100,4675,7,80.0,0.0,1.0,0.0
26,67,26,4995,5,57.0,3.0,1.0,0.0
27,80,0,10295,6,20.0,5.0,1.0,0.0
28,60,60,10425,8,35.0,1.0,0.0,0.0
29,24,34,11559,2,17.0,2.0,1.0,1.0
30,91,16,11035,3,70.0,7.0,0.0,1.0
31,80,20,6395,5,40.0,2.0,2.0,0.0
32,50,90,5585,1,70.0,7.0,1.0,2.0
33,40,60,11167,7,50.0,2.0,1.0,1.0
34,70,10,6355,6,30.0,6.0,1.0,0.0
35,50,100,11555,1,78.0,2.0,1.0,2.0
36,38,26,11560,5,34.0,1.0,0.0,1.0
37,96,4,11415,6,35.0,2.0,2.0,0.0
38,76,11,11558,3,48.0,6.0,0.0,1.0
39,40,96,11553,7,78.0,2.0,1.0,1.0
40,45,100,11171,4,72.0,7.0,1.0,1.0
41,50,50,4425,2,50.0,2.0,1.0,0.0
42,85,19,5535,3,25.0,0.0,2.0,0.0
43,90,10,11567,8,60.0,5.0,0.0,0.0
44,50,100,6675,1,75.0,10.0,0.0,0.0
45,75,39,5165,5,60.0,4.0,0.0,1.0
46,29,18,6765,6,45.0,6.0,2.0,0.0
47,44,71,4516,2,53.0,4.0,2.0,1.0
48,20,90,4354,7,80.0,2.0,1.0,2.0
49,90,5,3646,8,35.0,1.0,1.0,0.0
50,0,100,5450,4,75.0,3.0,0.0,1.0
51,60,77,6117,7,84.0,5.0,1.0,2.0
52,100,0,6394,6,30.0,6.0,0.0,0.0
53,80,40,5428,3,79.0,3.0,2.0,1.0
54,27,24,4686,5,45.0,3.0,2.0,0.0
55,33,10,10710,6,28.0,7.0,0.0,0.0
56,50,48,4152,5,50.0,1.0,1.0,0.0
57,45,20,4384,8,40.0,5.0,0.0,0.0
58,40,64,5583,2,37.0,1.0,1.0,1.0
59,69,45,3461,5,60.0,5.0,1.0,1.0
60,60,47,3268,5,55.0,4.0,1.0,0.0
61,50,50,6381,2,50.0,0.0,1.0,1.0
62,32,97,5409,1,74.0,3.0,1.0,1.0
63,65,30,5476,8,50.0,2.0,1.0,0.0
64,30,75,6444,2,50.0,3.0,1.0,2.0
65,30,90,6427,7,76.0,1.0,0.0,1.0
66,70,0,6826,6,40.0,6.0,1.0,0.0
67,70,20,5107,3,35.0,5.0,0.0,0.0
68,63,53,6236,4,88.0,2.0,0.0,1.0
69,90,0,6551,6,35.0,3.0,0.0,0.0
70,76,11,6071,3,31.0,1.0,1.0,1.0
71,60,44,5533,5,49.0,2.0,2.0,0.0
72,58,41,6823,5,56.0,7.0,0.0,1.0
73,80,10,10659,6,35.0,4.0,1.0,0.0
74,25,100,6669,7,75.0,3.0,1.0,0.0
75,76,0,5737,8,49.0,7.0,0.0,0.0
76,24,20,6841,5,46.0,3.0,1.0,0.0
77,60,40,5631,1,79.0,3.0,1.0,0.0
78,82,72,9688,4,81.0,1.0,2.0,1.0
79,40,50,5573,7,60.0,0.0,2.0,0.0
80,30,96,5739,1,60.0,0.0,0.0,2.0
81,50,50,6107,2,40.0,1.0,2.0,1.0
82,87,0,6066,8,39.0,4.0,1.0,0.0
83,60,80,6317,4,90.0,2.0,2.0,0.0
84,60,40,5399,3,50.0,5.0,0.0,0.0
85,35,49,9939,5,50.0,0.0,1.0,2.0
86,52,54,9689,4,66.0,1.0,1.0,1.0
87,75,50,6371,1,78.0,0.0,2.0,2.0
88,57,54,3296,1,52.0,0.0,2.0,0.0
89,69,31,10091,3,45.0,1.0,2.0,1.0
90,40,40,6601,2,40.0,5.0,1.0,1.0
91,20,90,5482,7,70.0,3.0,0.0,0.0
92,50,100,9903,7,80.0,2.0,0.0,1.0
93,50,78,9683,7,75.0,0.0,0.0,2.0
94,100,50,9513,2,39.0,4.0,1.0,0.0
95,82,0,5341,8,53.0,1.0,2.0,0.0
96,32,23,10040,3,28.0,4.0,1.0,0.0
97,71,0,6594,8,21.0,5.0,1.0,0.0
98,30,65,3946,8,30.0,2.0,2.0,0.0
99,85,57,5128,4,85.0,3.0,1.0,0.0
100,91,9,6642,6,40.0,6.0,1.0,0.0
101,50,30,9658,6,27.0,4.0,2.0,0.0
102,35,21,6517,7,30.0,1.0,2.0,0.0
103,55,82,6553,4,38.0,3.0,0.0,1.0
104,79,86,9668,1,80.0,4.0,1.0,2.0
105,42,44,5592,2,46.0,5.0,0.0,1.0
106,7,100,6494,1,60.0,2.0,0.0,2.0
107,20,0,9852,8,17.0,5.0,1.0,0.0
108,40,0,4622,8,18.0,3.0,1.0,0.0
109,50,50,5751,2,50.0,8.0,0.0,0.0
110,40,60,5919,7,89.0,10.0,1.0,1.0
111,80,10,6400,3,60.0,3.0,1.0,0.0
112,59,36,9648,2,50.0,1.0,1.0,1.0
113,55,98,5514,7,80.0,8.0,0.0,2.0
114,80,36,9780,5,10.0,7.0,0.0,0.0
115,25,35,9568,5,50.0,3.0,1.0,0.0
116,73,0,10433,6,37.0,2.0,0.0,0.0
117,39,27,10410,2,51.0,1.0,1.0,2.0
118,100,3,5227,6,50.0,4.0,2.0,0.0
119,94,5,6450,6,44.0,5.0,1.0,0.0
120,20,30,6584,2,25.0,3.0,0.0,1.0
121,95,4,6682,6,35.0,2.0,1.0,0.0
122,70,0,6576,6,28.0,6.0,2.0,0.0
123,100,0,4699,3,27.0,3.0,0.0,0.0
124,45,90,11078,4,85.0,4.0,1.0,0.0
125,20,78,4004,7,85.0,1.0,1.0,1.0
126,68,100,6458,4,83.0,6.0,1.0,1.0
127,20,0,11054,7,20.0,2.0,0.0,0.0
128,50,100,6808,1,75.0,8.0,0.0,1.0
129,43,27,10530,3,23.0,3.0,0.0,1.0
130,45,0,10191,3,20.0,2.0,1.0,0.0
131,62,90,11111,7,72.0,0.0,0.0,1.0
132,50,50,9541,2,66.0,0.0,1.0,2.0
133,80,61,5302,4,67.0,0.0,0.0,1.0
134,80,0,4407,6,40.0,3.0,2.0,0.0
135,58,80,11236,4,75.0,2.0,1.0,1.0
136,95,5,10407,8,25.0,3.0,1.0,0.0
137,80,90,11149,4,85.0,2.0,1.0,1.0
138,65,40,3436,3,35.0,3.0,0.0,0.0
139,50,73,4472,7,50.0,0.0,0.0,1.0
140,100,0,3499,6,37.0,1.0,1.0,0.0
141,39,58,11158,5,40.0,1.0,1.0,2.0
142,40,10,9727,8,45.0,1.0,1.0,0.0
143,70,70,6607,1,70.0,2.0,1.0,2.0
144,50,50,11192,2,39.0,1.0,1.0,1.0
145,90,0,11209,8,20.0,3.0,2.0,0.0
146,20,10,6366,5,40.0,0.0,1.0,1.0
147,90,25,11507,5,70.0,2.0,2.0,0.0
148,61,5,11228,6,44.0,4.0,0.0,1.0
149,49,7,10088,3,32.0,4.0,1.0,0.0
150,0,20,10145,5,20.0,2.0,2.0,0.0
151,30,5,5229,3,40.0,2.0,0.0,0.0
152,40,70,10053,1,55.0,2.0,0.0,1.0
153,50,100,4448,1,75.0,10.0,0.0,0.0
154,70,48,11084,7,77.0,2.0,0.0,2.0
155,70,100,11191,4,80.0,0.0,1.0,2.0
156,64,0,5020,8,32.0,10.0,0.0,0.0
157,39,83,4943,4,84.0,4.0,1.0,1.0
158,13,13,5586,5,21.0,1.0,1.0,1.0
159,20,70,11109,1,75.0,1.0,0.0,2.0
160,80,95,6364,7,80.0,1.0,0.0,2.0
161,40,0,11101,8,30.0,2.0,1.0,0.0
162,75,25,11030,2,50.0,0.0,1.0,1.0
163,75,90,9506,4,95.0,0.0,2.0,1.0
164,65,35,4071,5,60.0,3.0,2.0,0.0
165,25,0,11313,8,15.0,5.0,1.0,0.0
166,90,0,11249,8,20.0,5.0,0.0,0.0
167,50,100,4487,4,80.0,6.0,0.0,1.0
168,70,0,10614,6,25.0,3.0,1.0,0.0
169,100,0,11494,5,35.0,7.0,0.0,0.0
170,55,100,5401,7,79.0,10.0,0.0,0.0
171,10,10,9676,8,30.0,5.0,0.0,0.0
172,50,50,9533,7,85.0,2.0,1.0,1.0
173,30,0,6024,3,30.0,3.0,0.0,0.0
174,48,100,6492,1,70.0,3.0,1.0,2.0
175,70,35,11026,2,60.0,2.0,0.0,0.0
176,42,45,9959,5,0.0,3.0,1.0,0.0
177,83,0,11154,6,47.0,4.0,0.0,0.0
178,30,65,6530,1,40.0,2.0,1.0,2.0
179,65,5,6606,3,29.0,3.0,1.0,0.0
180,35,100,10074,1,80.0,1.0,0.0,2.0
181,22,5,11219,3,27.0,5.0,1.0,0.0
182,55,45,11270,7,69.0,2.0,1.0,1.0
183,60,20,10298,6,0.0,4.0,0.0,0.0
184,75,60,11471,5,68.0,3.0,0.0,0.0
185,60,10,11314,3,45.0,7.0,0.0,0.0
186,20,95,9699,1,70.0,2.0,0.0,2.0
187,65,65,9468,1,65.0,0.0,1.0,0.0
188,50,100,10308,1,75.0,10.0,0.0,0.0
189,45,85,11419,7,70.0,1.0,1.0,2.0
190,80,20,11218,8,45.0,4.0,1.0,0.0
191,20,70,5840,1,88.0,3.0,0.0,0.0
192,50,50,11267,2,50.0,0.0,0.0,2.0
193,30,40,10810,5,50.0,5.0,1.0,0.0
194,50,0,11220,3,18.0,4.0,0.0,0.0
195,40,100,6621,7,75.0,1.0,0.0,0.0
196,50,50,5763,2,50.0,2.0,0.0,2.0
197,27,2,11107,8,30.0,3.0,0.0,0.0
198,40,60,10480,2,50.0,2.0,1.0,1.0
199,45,55,10666,7,70.0,1.0,1.0,2.0
200,60,0,10669,3,25.0,3.0,1.0,0.0
201,50,0,11198,3,28.0,6.0,2.0,0.0
202,60,0,6126,6,50.0,5.0,2.0,0.0
203,60,40,4232,8,50.0,1.0,1.0,0.0
204,60,40,10943,4,87.0,2.0,0.0,1.0
205,70,30,10781,5,50.0,5.0,1.0,2.0
206,46,100,10851,4,75.0,2.0,0.0,1.0
207,40,25,10260,3,20.0,3.0,1.0,1.0
208,70,0,11196,6,37.0,9.0,0.0,0.0
209,45,55,4290,1,75.0,4.0,0.0,2.0
210,60,30,10749,5,50.0,2.0,0.0,0.0
211,50,100,11575,1,75.0,1.0,0.0,1.0
212,40,60,11350,3,20.0,3.0,1.0,0.0
213,5,0,10164,3,20.0,0.0,2.0,0.0
214,60,40,9609,4,80.0,3.0,0.0,1.0
215,80,5,9639,6,45.0,3.0,2.0,0.0
216,50,25,11028,5,50.0,5.0,2.0,0.0
217,45,0,6502,6,25.0,4.0,0.0,0.0
218,39,70,10310,7,43.0,3.0,2.0,1.0
219,50,100,10404,1,73.0,10.0,0.0,0.0
220,13,17,11137,2,20.0,4.0,0.0,1.0
221,39,64,5676,8,50.0,3.0,0.0,0.0
222,50,50,10610,2,25.0,1.0,0.0,0.0
223,40,30,6102,2,50.0,1.0,1.0,1.0
224,70,30,10510,8,39.0,6.0,1.0,0.0
225,83,15,4684,6,60.0,4.0,1.0,0.0
226,70,0,5241,6,35.0,7.0,0.0,0.0
227,40,75,6262,1,70.0,0.0,0.0,0.0
228,30,70,6447,5,45.0,2.0,2.0,0.0
229,30,80,5734,2,40.0,4.0,0.0,1.0
230,40,96,10573,7,65.0,3.0,2.0,0.0
231,40,59,10049,7,59.0,1.0,1.0,1.0
232,25,50,5331,2,60.0,0.0,1.0,0.0
233,71,30,4169,5,50.0,10.0,0.0,0.0
234,65,0,6722,6,22.0,2.0,1.0,0.0
235,65,100,6050,4,82.0,3.0,1.0,2.0
236,58,0,11213,3,21.0,7.0,2.0,0.0
237,40,20,10170,3,32.0,3.0,0.0,0.0
238,50,50,11564,6,56.0,0.0,2.0,1.0
239,50,50,6511,4,70.0,5.0,1.0,0.0
240,70,60,9896,4,90.0,1.0,0.0,1.0
241,90,85,6398,8,35.0,4.0,1.0,0.0
242,55,0,10583,8,25.0,9.0,1.0,0.0
243,50,80,11565,4,80.0,2.0,1.0,1.0
244,75,95,11520,4,92.0,4.0,1.0,1.0
245,96,4,6342,6,33.0,3.0,0.0,0.0
246,72,52,6726,4,50.0,9.0,1.0,2.0
247,75,0,11304,3,35.0,9.0,1.0,0.0
248,20,10,6093,6,5.0,2.0,2.0,0.0
249,80,20,6433,7,65.0,3.0,1.0,0.0
250,45,30,10997,5,50.0,3.0,1.0,1.0
251,61,11,10798,5,39.0,5.0,1.0,1.0
252,70,90,6354,7,85.0,2.0,2.0,1.0
253,40,100,11406,3,20.0,4.0,0.0,1.0
254,75,95,6757,1,75.0,3.0,0.0,0.0
255,70,10,6645,1,57.0,1.0,1.0,1.0
256,60,85,11459,4,80.0,3.0,0.0,1.0
257,46,0,11212,8,25.0,0.0,2.0,0.0
258,75,5,11540,8,32.0,2.0,1.0,0.0
259,95,10,10013,5,50.0,0.0,1.0,1.0
260,66,76,11241,2,44.0,3.0,2.0,1.0
261,59,41,4156,2,42.0,2.0,0.0,1.0
262,71,0,10227,8,27.0,4.0,0.0,0.0
263,20,80,11573,1,70.0,1.0,0.0,2.0
264,25,24,11370,5,53.0,1.0,2.0,0.0
265,30,60,5502,2,40.0,1.0,1.0,0.0
266,78,76,11126,7,70.0,2.0,1.0,1.0
267,35,5,3450,3,40.0,2.0,1.0,0.0
268,29,87,10881,1,58.0,4.0,0.0,2.0
269,40,60,11151,4,83.0,2.0,1.0,1.0
270,69,41,10192,5,45.0,3.0,1.0,0.0
271,58,0,11181,8,41.0,3.0,1.0,0.0
272,33,20,6624,3,28.0,2.0,1.0,0.0
273,50,65,6460,7,70.0,2.0,1.0,0.0
274,75,100,11051,4,90.0,2.0,0.0,0.0
275,43,57,10388,5,32.0,6.0,0.0,1.0
276,80,40,5699,2,60.0,2.0,0.0,1.0
277,50,60,11397,2,50.0,2.0,0.0,2.0
278,19,9,11288,6,4.0,9.0,1.0,1.0
279,35,100,11276,7,20.0,2.0,1.0,1.0
280,60,39,11303,8,24.0,4.0,1.0,0.0
281,45,55,10389,1,80.0,3.0,0.0,1.0
282,45,30,10520,3,50.0,0.0,0.0,1.0
283,50,100,11577,7,75.0,1.0,2.0,1.0
284,60,0,11384,3,30.0,3.0,1.0,0.0
285,80,0,5321,6,40.0,1.0,1.0,0.0
286,30,90,10897,1,80.0,2.0,1.0,1.0
287,40,25,11420,3,40.0,4.0,0.0,0.0
288,80,30,10038,8,30.0,2.0,1.0,1.0
289,70,100,10568,4,80.0,4.0,0.0,0.0
290,75,0,11243,6,32.0,3.0,0.0,0.0
291,35,20,6028,5,48.0,5.0,0.0,0.0
292,78,40,6231,5,50.0,0.0,0.0,0.0
293,80,25,6672,5,40.0,7.0,0.0,0.0
294,20,90,9947,7,70.0,0.0,1.0,2.0
295,49,47,6529,7,75.0,7.0,0.0,2.0
296,38,78,6443,2,35.0,1.0,0.0,2.0
297,75,97,6839,4,85.0,2.0,1.0,1.0
298,70,90,5903,1,80.0,0.0,1.0,1.0
299,62,41,6256,5,45.0,8.0,0.0,1.0
300,68,0,4270,8,60.0,0.0,1.0,0.0
301,40,60,5309,7,70.0,2.0,1.0,2.0
302,90,10,11413,3,55.0,3.0,1.0,1.0
303,39,63,9673,3,63.0,0.0,1.0,0.0
304,50,50,11486,3,50.0,0.0,1.0,1.0
305,60,82,5268,7,65.0,2.0,1.0,1.0
306,50,100,11388,1,74.0,2.0,0.0,0.0
307,55,25,10320,2,62.0,2.0,0.0,0.0
308,35,55,5963,4,90.0,2.0,0.0,1.0
309,25,40,9973,2,35.0,0.0,0.0,0.0
310,56,67,3731,1,84.0,0.0,2.0,1.0
311,50,60,11578,7,55.0,2.0,0.0,0.0
312,35,65,11534,4,60.0,1.0,1.0,1.0
313,60,0,5463,8,25.0,6.0,2.0,0.0
314,40,61,5851,1,61.0,1.0,0.0,0.0
315,10,0,11360,3,10.0,3.0,1.0,0.0
316,40,49,11320,5,33.0,5.0,0.0,0.0
317,49,100,5219,4,100.0,8.0,0.0,0.0
318,41,9,1482,6,41.0,7.0,0.0,0.0
319,70,30,10133,8,37.0,2.0,0.0,1.0
320,45,25,3720,5,48.0,0.0,1.0,1.0
321,60,0,10243,8,30.0,6.0,0.0,0.0
322,70,30,4018,5,49.0,9.0,2.0,1.0
323,85,90,9455,4,12.0,2.0,1.0,2.0
324,63,100,11017,1,68.0,2.0,0.0,1.0
325,28,30,3723,8,32.0,1.0,0.0,1.0
326,53,0,10830,8,30.0,6.0,0.0,0.0
327,20,0,11077,6,20.0,8.0,0.0,0.0
328,35,100,4300,7,90.0,2.0,0.0,0.0
329,50,45,6509,2,75.0,3.0,1.0,1.0
330,35,100,4157,1,15.0,1.0,0.0,1.0
331,49,23,4321,8,25.0,2.0,0.0,1.0
332,83,17,6721,2,45.0,2.0,1.0,0.0
333,45,100,10640,1,65.0,4.0,1.0,2.0
334,60,40,9812,5,50.0,1.0,2.0,0.0
335,50,10,11042,3,28.0,3.0,1.0,1.0
336,50,0,11579,3,36.0,7.0,1.0,0.0
337,46,60,11351,4,80.0,1.0,1.0,0.0
338,71,95,6574,1,80.0,8.0,1.0,1.0
339,60,40,6011,5,70.0,3.0,0.0,1.0
340,50,50,4389,1,61.0,0.0,0.0,0.0
341,40,0,3738,8,40.0,4.0,1.0,0.0
342,29,25,11334,2,50.0,2.0,0.0,1.0
343,62,12,11203,3,34.0,4.0,2.0,1.0
344,25,100,5122,7,75.0,7.0,0.0,0.0
345,40,60,6357,8,30.0,5.0,0.0,0.0
346,52,88,5776,1,88.0,0.0,0.0,2.0
347,40,0,3472,3,19.0,5.0,0.0,0.0
348,50,48,9592,2,48.0,5.0,0.0,1.0
349,90,5,5630,6,40.0,7.0,1.0,0.0
350,80,80,10356,7,91.0,7.0,0.0,1.0
351,40,60,6566,2,37.0,7.0,0.0,1.0
352,30,100,11566,4,65.0,7.0,0.0,1.0
353,40,64,9833,5,40.0,1.0,1.0,0.0
354,20,98,10653,1,50.0,0.0,1.0,1.0
355,59,46,4443,4,80.0,1.0,0.0,1.0
356,75,10,6622,6,50.0,4.0,1.0,1.0
357,16,18,4769,3,32.0,1.0,0.0,2.0
358,70,30,4303,5,50.0,2.0,0.0,0.0
359,30,95,11433,7,65.0,1.0,1.0,0.0
360,70,30,5660,5,50.0,9.0,0.0,0.0
361,35,0,9641,8,25.0,3.0,2.0,0.0
362,40,88,10212,4,72.0,2.0,1.0,2.0
363,60,100,11526,4,85.0,4.0,1.0,2.0
364,75,3,10603,6,32.0,4.0,1.0,0.0
365,72,41,10846,6,53.0,3.0,1.0,1.0
366,25,25,11562,2,50.0,10.0,0.0,0.0
367,40,30,6103,5,60.0,5.0,0.0,1.0
368,25,25,10521,2,50.0,1.0,0.0,0.0
369,72,32,11483,2,45.0,4.0,0.0,1.0
370,60,96,9981,4,82.0,3.0,1.0,2.0
371,45,54,9516,5,58.0,3.0,0.0,0.0
372,70,40,5753,3,35.0,3.0,0.0,0.0
373,97,3,10282,8,35.0,0.0,1.0,0.0
374,60,32,10660,6,55.0,1.0,1.0,1.0
375,40,60,6590,7,55.0,1.0,2.0,1.0
376,50,55,9891,1,50.0,4.0,0.0,0.0
377,50,50,11317,2,50.0,7.0,0.0,0.0
378,88,3,11325,6,40.0,6.0,2.0,0.0
379,80,40,11327,5,50.0,5.0,1.0,0.0
380,39,76,6609,4,60.0,0.0,1.0,1.0
381,60,63,10230,1,55.0,3.0,0.0,2.0
382,79,18,4462,3,38.0,2.0,1.0,0.0
383,79,20,11246,6,36.0,2.0,1.0,1.0
384,86,0,5609,3,40.0,1.0,2.0,0.0
385,65,4,4242,8,38.0,3.0,2.0,0.0
386,60,40,11187,1,50.0,1.0,1.0,1.0
387,40,60,10604,7,80.0,3.0,0.0,1.0
388,47,34,11398,2,78.0,2.0,1.0,1.0
389,55,61,5673,4,60.0,1.0,1.0,2.0
390,46,54,11580,2,52.0,3.0,0.0,1.0
391,40,88,4282,4,75.0,4.0,0.0,0.0
392,91,8,5283,6,50.0,9.0,1.0,0.0
393,90,10,6618,3,70.0,2.0,1.0,0.0
394,90,10,5363,6,60.0,3.0,2.0,0.0
395,25,0,6650,6,33.0,5.0,1.0,0.0
396,75,35,4471,5,50.0,6.0,0.0,0.0
397,50,50,6360,7,76.0,6.0,0.0,0.0
398,70,70,11429,4,70.0,2.0,0.0,2.0
399,78,12,10534,8,40.0,4.0,1.0,0.0
400,56,41,10001,6,35.0,1.0,2.0,1.0
401,70,30,10113,5,40.0,0.0,0.0,1.0
402,50,50,5486,1,50.0,0.0,0.0,2.0
403,69,40,9786,5,85.0,3.0,2.0,1.0
404,70,5,9934,3,50.0,3.0,1.0,0.0
405,50,63,6544,1,66.0,1.0,1.0,1.0
406,80,35,3278,3,35.0,5.0,2.0,0.0
407,64,71,10841,4,68.0,3.0,0.0,1.0
408,40,80,6234,1,81.0,0.0,1.0,1.0
409,35,21,6503,8,32.0,4.0,0.0,1.0
410,81,36,11570,7,81.0,0.0,2.0,0.0
411,60,0,10629,8,39.0,4.0,0.0,0.0
412,65,55,3382,4,90.0,2.0,1.0,0.0
413,88,100,4951,6,16.0,8.0,0.0,0.0
414,70,100,10513,7,85.0,1.0,1.0,1.0
415,72,29,10226,5,50.0,0.0,1.0,2.0
416,48,47,11037,2,50.0,10.0,0.0,0.0
417,44,25,10092,8,47.0,1.0,0.0,1.0
418,80,50,10649,2,35.0,2.0,2.0,1.0
419,66,0,5551,6,36.0,1.0,0.0,0.0
420,40,60,6344,7,80.0,1.0,0.0,1.0
421,75,5,4823,6,40.0,2.0,2.0,1.0
422,40,90,5864,4,90.0,6.0,1.0,1.0
423,50,85,4530,1,70.0,2.0,0.0,0.0
424,48,46,5954,3,34.0,3.0,1.0,0.0
425,50,0,11127,8,23.0,1.0,1.0,0.0
426,70,37,1999,2,55.0,0.0,1.0,1.0
427,75,5,6683,6,28.0,4.0,0.0,0.0
428,50,0,11386,8,30.0,9.0,0.0,0.0
429,10,3,4879,6,48.0,3.0,1.0,0.0
430,25,98,11257,7,72.0,3.0,1.0,2.0
431,60,4,2544,3,40.0,4.0,2.0,0.0
432,52,48,10337,5,63.0,5.0,0.0,1.0
433,55,0,6587,8,33.0,0.0,0.0,0.0
434,80,50,11569,4,85.0,2.0,0.0,0.0
435,30,52,11574,5,47.0,10.0,0.0,0.0
436,44,66,9874,2,50.0,4.0,0.0,0.0
437,75,100,10104,4,87.0,1.0,1.0,1.0
438,63,0,10685,3,27.0,2.0,0.0,0.0
439,0,70,11193,7,80.0,2.0,1.0,1.0
440,100,0,10490,3,40.0,6.0,0.0,0.0
441,25,85,6369,7,65.0,3.0,0.0,1.0
442,50,0,5216,3,25.0,10.0,0.0,0.0
443,70,57,5821,1,75.0,2.0,0.0,1.0
444,30,17,4117,8,43.0,3.0,1.0,0.0
445,43,75,10397,2,57.0,3.0,1.0,0.0
446,45,63,10853,2,43.0,3.0,0.0,0.0
447,25,27,5593,6,6.0,4.0,0.0,0.0
448,63,39,11352,5,44.0,5.0,1.0,2.0
449,30,97,4630,4,19.0,8.0,0.0,1.0
450,44,19,11222,6,49.0,3.0,1.0,1.0
451,60,32,6408,3,40.0,0.0,2.0,1.0
452,45,60,11409,7,85.0,0.0,2.0,0.0
453,49,63,11410,1,85.0,0.0,1.0,1.0
454,20,100,5294,1,50.0,3.0,1.0,1.0
455,70,9,10127,3,25.0,1.0,1.0,0.0
456,65,81,6110,4,85.0,4.0,1.0,1.0
457,40,45,4010,7,74.0,1.0,1.0,1.0
458,66,86,9880,4,90.0,1.0,1.0,1.0
459,65,57,6697,5,60.0,0.0,1.0,0.0
460,90,10,11447,8,30.0,6.0,1.0,0.0
461,80,30,10232,2,46.0,1.0,1.0,1.0
462,70,34,11189,5,72.0,7.0,0.0,1.0
463,20,80,5788,7,70.0,2.0,1.0,1.0
464,50,0,4424,8,28.0,10.0,0.0,0.0
465,40,5,4123,8,20.0,4.0,1.0,0.0
466,0,100,5129,2,40.0,0.0,0.0,1.0
467,0,90,11163,1,80.0,1.0,0.0,2.0
468,59,80,9913,7,47.0,0.0,1.0,0.0
469,26,27,6313,5,50.0,1.0,1.0,1.0
470,11,11,3564,3,20.0,2.0,1.0,0.0
471,35,90,10967,4,55.0,0.0,1.0,2.0
472,60,100,11073,1,85.0,0.0,1.0,1.0
473,58,95,10364,4,68.0,2.0,0.0,0.0
474,70,10,10149,6,50.0,4.0,0.0,0.0
475,35,94,11359,4,85.0,1.0,0.0,0.0
476,62,75,11513,4,70.0,2.0,0.0,0.0
477,42,3,11071,6,35.0,2.0,1.0,0.0
478,40,60,10219,7,54.0,1.0,1.0,0.0
479,85,1,11224,3,37.0,9.0,0.0,0.0
480,48,52,10733,2,70.0,7.0,0.0,0.0
481,46,100,6273,1,80.0,2.0,0.0,2.0
482,98,1,10411,6,31.0,2.0,0.0,0.0
483,80,40,11169,2,50.0,2.0,1.0,2.0
484,60,90,9976,7,75.0,0.0,1.0,1.0
485,58,0,10657,8,47.0,4.0,0.0,0.0
486,75,6,5627,6,42.0,4.0,1.0,0.0
487,28,99,10597,1,68.0,0.0,0.0,2.0
488,59,51,11333,4,70.0,0.0,0.0,0.0
489,63,37,6423,2,49.0,2.0,0.0,0.0
490,60,25,5336,3,25.0,4.0,0.0,2.0
491,40,75,10319,7,68.0,0.0,0.0,2.0
492,75,40,9619,5,80.0,3.0,1.0,1.0
493,80,0,11361,8,25.0,6.0,0.0,1.0
494,43,96,6264,1,71.0,1.0,0.0,1.0
495,70,30,5661,5,50.0,10.0,0.0,0.0
496,68,13,6164,8,70.0,5.0,2.0,0.0
497,90,20,11263,6,30.0,5.0,0.0,0.0
498,60,45,11120,5,50.0,3.0,1.0,0.0
499,80,33,6497,5,48.0,6.0,1.0,0.0
500,75,0,9887,8,33.0,4.0,0.0,0.0
501,75,10,11306,3,20.0,3.0,1.0,0.0
502,72,60,11082,2,60.0,5.0,0.0,0.0
503,21,36,10920,1,62.0,1.0,2.0,1.0
504,33,20,11412,1,60.0,2.0,0.0,1.0
505,15,0,6404,6,38.0,10.0,1.0,0.0
506,70,40,10609,4,80.0,3.0,1.0,2.0
507,82,1,6674,3,45.0,2.0,1.0,0.0
508,27,0,6292,8,27.0,9.0,0.0,0.0
509,76,100,10522,7,80.0,5.0,1.0,1.0
510,75,60,10642,7,70.0,0.0,1.0,1.0
511,58,75,9547,7,63.0,0.0,2.0,1.0
512,50,50,5602,2,50.0,0.0,2.0,1.0
513,40,60,10791,4,70.0,3.0,1.0,1.0
514,50,0,10762,3,0.0,2.0,0.0,0.0
515,80,20,5070,5,50.0,1.0,2.0,2.0
516,40,0,4820,6,40.0,4.0,1.0,1.0
517,60,20,6694,3,33.0,0.0,1.0,1.0
518,90,5,5096,6,20.0,4.0,2.0,0.0
519,39,98,6260,1,28.0,2.0,1.0,0.0
520,57,32,11582,7,67.0,3.0,1.0,1.0
521,77,85,10792,4,72.0,8.0,0.0,2.0
522,80,35,10271,5,45.0,2.0,0.0,2.0
523,35,95,5626,1,80.0,2.0,1.0,1.0
524,66,37,10087,8,37.0,4.0,0.0,0.0
525,59,30,6426,5,59.0,3.0,1.0,0.0
526,80,100,6008,4,80.0,5.0,0.0,2.0
527,100,0,4136,3,20.0,2.0,0.0,1.0
528,60,25,6219,4,65.0,1.0,1.0,0.0
529,60,0,10540,3,23.0,4.0,0.0,0.0
530,93,0,6558,6,46.0,5.0,2.0,0.0
531,31,100,11438,4,84.0,9.0,0.0,0.0
532,50,50,11585,6,45.0,10.0,1.0,0.0
533,50,100,10904,7,33.0,2.0,0.0,1.0
534,100,0,4150,8,50.0,3.0,1.0,0.0
535,29,0,9562,8,31.0,10.0,0.0,0.0
536,42,39,11581,8,48.0,10.0,0.0,2.0
537,39,40,9579,1,65.0,3.0,1.0,2.0
538,40,75,11230,7,68.0,0.0,1.0,0.0
539,43,16,10756,6,48.0,6.0,0.0,0.0
540,60,46,11586,5,50.0,5.0,1.0,0.0
541,75,30,9793,5,50.0,8.0,0.0,0.0
542,55,67,10097,2,59.0,2.0,1.0,0.0
543,47,62,9674,2,50.0,1.0,2.0,1.0
544,85,75,3156,1,85.0,0.0,1.0,2.0
545,60,0,11583,8,27.0,10.0,0.0,0.0
546,50,45,5281,2,45.0,3.0,1.0,1.0
547,41,29,11417,7,73.0,1.0,0.0,0.0
548,40,4,6451,3,17.0,3.0,0.0,0.0
549,4,66,10559,4,83.0,0.0,0.0,0.0
550,50,40,9957,5,50.0,2.0,1.0,1.0
551,25,45,11217,4,70.0,0.0,0.0,0.0
552,40,26,4563,3,30.0,2.0,1.0,1.0
553,59,67,9550,7,60.0,1.0,0.0,2.0
554,80,25,10261,2,65.0,0.0,2.0,1.0
555,50,0,11532,8,30.0,6.0,1.0,0.0
556,18,6,10258,6,29.0,3.0,0.0,0.0
557,90,95,11200,4,90.0,1.0,1.0,0.0
558,14,87,9804,1,64.0,4.0,0.0,2.0
559,1,21,11032,3,37.0,4.0,0.0,0.0
560,25,90,6328,7,50.0,4.0,1.0,1.0
561,27,10,10482,5,33.0,10.0,0.0,0.0
562,45,55,10272,1,50.0,2.0,1.0,1.0
563,90,10,9526,8,25.0,7.0,0.0,0.0
564,50,50,10213,2,51.0,8.0,0.0,0.0
565,30,100,11358,7,61.0,1.0,2.0,1.0
566,50,50,10974,2,60.0,2.0,1.0,0.0
567,81,80,9514,5,70.0,2.0,1.0,2.0
568,40,5,11316,8,20.0,3.0,1.0,0.0
569,40,65,10723,1,60.0,1.0,1.0,1.0
570,20,19,10797,2,40.0,2.0,0.0,0.0
571,75,60,11396,4,80.0,2.0,1.0,0.0
572,80,0,11068,8,20.0,5.0,0.0,0.0
573,81,69,5452,4,79.0,3.0,1.0,0.0
574,95,5,11584,6,41.0,5.0,1.0,0.0
575,100,10,9877,6,30.0,5.0,2.0,0.0
576,30,96,10393,1,55.0,1.0,1.0,0.0
577,43,80,9740,4,61.0,1.0,1.0,0.0
578,80,4,11239,3,25.0,2.0,0.0,0.0
579,36,27,10813,3,34.0,1.0,2.0,1.0
580,22,5,10470,3,30.0,4.0,0.0,0.0
581,3,56,9950,7,75.0,2.0,1.0,1.0
582,50,100,11368,1,75.0,3.0,0.0,1.0
583,60,50,5562,5,59.0,3.0,1.0,0.0
584,90,0,5367,6,47.0,3.0,0.0,0.0
585,72,32,11337,7,88.0,2.0,1.0,1.0
586,75,75,6446,2,75.0,2.0,0.0,1.0
587,50,0,4111,6,40.0,10.0,0.0,0.0
588,18,0,10296,8,0.0,1.0,2.0,0.0
589,70,80,6573,7,87.0,1.0,0.0,1.0
590,43,50,3958,2,40.0,3.0,1.0,0.0
591,35,45,9794,5,65.0,3.0,1.0,1.0
592,33,20,2126,3,35.0,2.0,0.0,1.0
593,32,92,11587,1,55.0,0.0,1.0,1.0
594,63,17,9509,8,46.0,1.0,1.0,0.0
595,33,22,10004,8,42.0,3.0,0.0,0.0
596,40,59,11237,2,55.0,3.0,0.0,2.0
597,100,0,9917,3,20.0,4.0,1.0,0.0
598,50,80,11180,4,80.0,0.0,0.0,1.0
599,100,0,10472,6,37.0,10.0,0.0,0.0
600,60,35,10359,5,60.0,5.0,1.0,1.0
601,35,96,10564,7,61.0,2.0,2.0,1.0
602,59,40,6399,2,50.0,1.0,1.0,0.0
603,96,35,5311,8,48.0,3.0,2.0,0.0
604,45,50,11557,1,60.0,0.0,1.0,2.0
605,85,65,4211,3,40.0,3.0,1.0,1.0
606,60,22,11588,5,40.0,8.0,2.0,1.0
607,65,75,9560,1,85.0,3.0,1.0,0.0
608,40,60,4176,1,80.0,2.0,2.0,1.0
609,67,0,10665,6,50.0,10.0,0.0,0.0
610,80,0,6788,3,25.0,3.0,1.0,0.0
611,38,55,11356,2,44.0,3.0,0.0,1.0
612,50,30,11226,8,50.0,6.0,1.0,0.0
613,20,45,10392,5,65.0,0.0,1.0,1.0
614,80,8,11233,8,46.0,0.0,0.0,1.0
615,70,50,6577,2,60.0,1.0,1.0,2.0
616,75,100,11102,4,90.0,7.0,1.0,1.0
617,40,60,11514,1,70.0,1.0,2.0,2.0
618,75,0,11083,6,45.0,3.0,2.0,0.0
619,68,0,10414,6,45.0,2.0,1.0,0.0
620,40,100,5300,7,82.0,4.0,0.0,1.0
621,35,70,3948,2,55.0,1.0,1.0,1.0
622,70,30,6859,5,55.0,3.0,0.0,1.0
623,50,50,10558,4,80.0,2.0,1.0,1.0
624,30,80,10906,7,49.0,2.0,0.0,1.0
625,37,21,11439,8,42.0,1.0,0.0,0.0
626,60,35,11353,2,40.0,4.0,0.0,1.0
627,60,0,11119,3,42.0,2.0,1.0,1.0
628,65,4,5559,3,42.0,7.0,1.0,0.0
629,64,30,10352,5,60.0,4.0,1.0,0.0
630,34,100,6707,7,64.0,0.0,1.0,1.0
631,50,100,5949,1,75.0,3.0,1.0,0.0
632,65,35,10739,5,60.0,0.0,1.0,1.0
633,40,22,9698,3,30.0,8.0,0.0,0.0
634,100,21,10431,6,40.0,5.0,0.0,0.0
635,60,20,5247,8,40.0,2.0,0.0,1.0
636,80,0,5766,8,20.0,6.0,0.0,0.0
637,85,90,4551,4,90.0,2.0,0.0,2.0
638,66,100,3659,4,90.0,0.0,0.0,0.0
639,60,100,5567,7,90.0,8.0,0.0,0.0
640,14,64,9911,2,45.0,0.0,2.0,0.0
641,35,100,10852,1,70.0,1.0,1.0,1.0
642,80,98,6534,4,90.0,2.0,0.0,1.0
643,80,5,11302,6,37.0,3.0,0.0,0.0
644,70,35,3595,5,45.0,5.0,1.0,0.0
645,69,0,6667,3,20.0,2.0,0.0,0.0
646,66,22,6367,5,71.0,4.0,1.0,1.0
647,75,18,11344,6,52.0,5.0,2.0,0.0
648,85,0,11251,8,40.0,4.0,0.0,0.0
649,37,54,6629,7,87.0,4.0,1.0,1.0
650,60,0,4333,3,40.0,4.0,0.0,0.0
651,31,95,11269,4,93.0,4.0,0.0,2.0
652,47,53,11247,3,30.0,2.0,1.0,0.0
653,58,28,11319,5,36.0,5.0,2.0,1.0
654,50,100,11244,1,75.0,10.0,0.0,0.0
655,60,40,4192,7,70.0,0.0,1.0,0.0
656,40,65,11229,2,50.0,2.0,1.0,1.0
657,45,100,9759,1,80.0,0.0,1.0,1.0
658,35,20,5671,6,40.0,3.0,0.0,0.0
659,100,0,11362,8,40.0,2.0,2.0,0.0
660,36,75,10122,7,80.0,0.0,1.0,1.0
661,50,0,6240,6,30.0,4.0,1.0,0.0
662,40,29,11274,5,41.0,4.0,0.0,1.0
663,65,15,6619,2,51.0,3.0,2.0,1.0
664,78,90,9449,1,75.0,2.0,1.0,1.0
665,61,51,11571,3,15.0,1.0,2.0,0.0
666,90,96,11592,4,93.0,4.0,2.0,0.0
667,50,5,3467,8,20.0,6.0,1.0,0.0
668,40,0,5126,3,20.0,2.0,2.0,0.0
669,40,100,10034,4,80.0,3.0,1.0,0.0
670,58,56,11323,2,50.0,2.0,0.0,0.0
671,64,4,11121,8,31.0,7.0,0.0,0.0
672,80,84,11594,1,90.0,3.0,1.0,1.0
673,61,69,11503,5,72.0,3.0,1.0,1.0
674,65,86,5620,7,70.0,2.0,0.0,1.0
675,36,47,11593,5,50.0,4.0,1.0,0.0
676,25,70,10847,1,88.0,1.0,1.0,0.0
677,88,10,9914,2,40.0,2.0,1.0,1.0
678,92,2,6323,6,68.0,2.0,1.0,0.0
679,30,76,10956,7,49.0,0.0,1.0,1.0
680,38,0,9551,3,25.0,4.0,1.0,0.0
681,80,100,5006,4,87.0,4.0,1.0,2.0
682,60,100,10950,7,67.0,1.0,1.0,0.0
683,55,33,10947,2,45.0,1.0,0.0,0.0
684,77,70,10918,4,74.0,4.0,1.0,0.0
685,76,4,3393,8,38.0,4.0,0.0,0.0
686,20,20,11265,3,20.0,3.0,1.0,1.0
687,65,100,11561,1,82.0,1.0,0.0,1.0
688,80,40,10780,6,50.0,4.0,1.0,0.0
689,50,25,11550,5,50.0,3.0,1.0,2.0
690,73,32,10151,6,40.0,5.0,1.0,0.0
691,65,40,11544,8,45.0,10.0,0.0,1.0
692,46,46,3944,2,46.0,7.0,0.0,0.0
693,26,100,10985,7,55.0,3.0,1.0,1.0
694,60,40,3207,3,35.0,2.0,0.0,0.0
695,62,40,6815,5,40.0,3.0,0.0,1.0
696,51,42,9810,2,51.0,0.0,1.0,0.0
697,57,95,11349,1,36.0,3.0,1.0,2.0
698,69,8,10195,6,40.0,1.0,0.0,1.0
699,40,100,11399,4,75.0,4.0,1.0,0.0
700,31,23,10961,8,26.0,2.0,1.0,0.0
701,32,79,10166,1,73.0,3.0,0.0,0.0
702,42,58,6834,7,52.0,1.0,1.0,0.0
703,40,65,10135,1,65.0,1.0,1.0,1.0
704,46,25,6469,3,45.0,2.0,1.0,2.0
705,85,95,5582,7,80.0,0.0,0.0,2.0
706,45,70,11281,2,50.0,6.0,1.0,0.0
707,80,20,6211,6,40.0,4.0,0.0,0.0
708,77,81,10736,4,93.0,3.0,0.0,1.0
709,55,45,6224,8,49.0,10.0,0.0,1.0
710,100,0,10621,3,30.0,2.0,2.0,0.0
711,80,10,11069,3,35.0,2.0,1.0,0.0
712,65,100,5494,7,80.0,1.0,1.0,1.0
713,100,0,11293,8,26.0,10.0,0.0,0.0
714,70,45,6646,5,50.0,5.0,0.0,2.0
715,20,75,6283,4,75.0,1.0,0.0,2.0
716,48,100,11326,1,80.0,0.0,1.0,0.0
717,100,4,11174,6,55.0,3.0,0.0,0.0
718,40,60,10834,1,70.0,2.0,1.0,1.0
719,15,4,11500,6,39.0,7.0,2.0,0.0
720,42,8,3562,8,30.0,2.0,1.0,0.0
721,40,75,10774,7,82.0,3.0,1.0,1.0
722,70,100,6778,4,85.0,10.0,0.0,0.0
723,45,42,11519,5,60.0,3.0,0.0,1.0
724,60,44,10589,2,45.0,3.0,1.0,1.0
725,75,0,11381,6,38.0,5.0,2.0,0.0
726,58,0,10267,3,58.0,4.0,1.0,0.0
727,48,80,6449,1,0.0,1.0,0.0,1.0
728,10,100,5333,4,50.0,5.0,1.0,2.0
729,65,35,6452,5,45.0,0.0,2.0,1.0
730,55,5,5534,8,25.0,4.0,1.0,0.0
731,75,90,11140,2,50.0,1.0,2.0,0.0
732,52,100,4623,4,82.0,4.0,2.0,1.0
733,60,36,10677,5,50.0,3.0,0.0,1.0
734,86,2,6352,6,40.0,4.0,0.0,0.0
735,25,70,5888,1,72.0,1.0,1.0,2.0
736,34,95,11292,7,85.0,3.0,0.0,1.0
737,50,0,11061,3,25.0,9.0,0.0,0.0
738,50,50,10835,6,36.0,1.0,2.0,0.0
739,40,81,11427,2,50.0,6.0,0.0,0.0
740,70,30,3638,8,33.0,4.0,2.0,0.0
741,70,3,10927,8,25.0,2.0,0.0,0.0
742,60,40,4215,7,80.0,0.0,1.0,0.0
743,70,40,11387,5,45.0,3.0,0.0,0.0
744,65,59,11595,1,75.0,1.0,2.0,1.0
745,75,80,10435,4,85.0,2.0,0.0,1.0
746,35,30,10508,2,45.0,0.0,2.0,1.0
747,60,20,10509,3,35.0,2.0,0.0,0.0
748,45,25,10507,5,50.0,0.0,1.0,1.0
749,81,0,6617,6,42.0,3.0,1.0,0.0
750,74,79,5490,7,77.0,1.0,1.0,0.0
751,48,48,5718,2,50.0,0.0,1.0,2.0
752,59,59,11330,4,79.0,0.0,0.0,1.0
753,70,0,5770,8,33.0,6.0,0.0,0.0
754,70,24,11390,3,44.0,4.0,0.0,0.0
755,19,100,11097,1,79.0,1.0,0.0,1.0
756,60,0,9997,4,85.0,2.0,1.0,1.0
757,40,90,3811,7,75.0,2.0,0.0,2.0
758,47,100,9906,1,67.0,3.0,0.0,2.0
759,78,0,3758,6,45.0,3.0,1.0,0.0
760,52,3,4122,8,25.0,10.0,0.0,0.0
761,20,25,5967,3,23.0,2.0,1.0,0.0
762,59,63,11141,2,53.0,1.0,1.0,1.0
763,30,20,6304,5,60.0,1.0,0.0,1.0
764,35,80,10307,1,64.0,0.0,0.0,2.0
765,65,94,6410,7,75.0,2.0,1.0,0.0
766,50,0,6703,6,50.0,4.0,1.0,0.0
767,50,95,11001,3,25.0,6.0,1.0,0.0
768,50,100,5347,8,20.0,5.0,0.0,0.0
769,60,45,11346,7,83.0,1.0,1.0,0.0
770,67,0,6239,6,38.0,10.0,0.0,0.0
771,63,75,9669,1,72.0,0.0,1.0,2.0
772,58,0,5683,8,26.0,8.0,0.0,0.0
773,55,30,10554,5,45.0,10.0,0.0,1.0
774,40,5,11277,6,30.0,4.0,2.0,0.0
775,78,34,11495,2,57.0,0.0,0.0,0.0
776,35,57,6438,4,71.0,1.0,1.0,2.0
777,45,15,4317,3,40.0,3.0,1.0,1.0
778,57,89,11286,7,71.0,2.0,0.0,2.0
779,95,9,10413,8,37.0,3.0,0.0,1.0
780,19,72,6734,1,84.0,3.0,0.0,0.0
781,30,100,11331,7,66.0,1.0,1.0,1.0
782,45,40,11311,2,46.0,3.0,0.0,1.0
783,86,14,4241,5,40.0,2.0,1.0,0.0
784,40,3,11510,3,37.0,4.0,1.0,0.0
785,50,0,10409,8,37.0,1.0,2.0,0.0
786,71,20,10873,6,28.0,3.0,2.0,0.0
787,60,100,11307,1,70.0,5.0,0.0,1.0
788,40,25,11576,2,39.0,3.0,2.0,0.0
789,39,41,3974,5,39.0,2.0,0.0,0.0
790,77,28,10633,8,15.0,2.0,1.0,0.0
791,28,28,10741,1,56.0,0.0,1.0,1.0
792,68,55,5787,7,66.0,2.0,1.0,1.0
793,80,0,11024,3,35.0,5.0,2.0,0.0
794,63,90,11312,4,80.0,3.0,0.0,0.0
795,68,0,10826,3,13.0,8.0,0.0,0.0
796,70,5,10362,6,25.0,7.0,0.0,0.0
797,100,0,6206,8,50.0,5.0,1.0,0.0
798,45,40,4086,5,43.0,0.0,0.0,1.0
799,80,0,11201,6,40.0,2.0,1.0,0.0
800,65,45,11490,2,38.0,1.0,0.0,1.0
801,60,95,10131,4,75.0,1.0,1.0,0.0
802,50,100,6596,1,60.0,4.0,1.0,2.0
803,40,88,4633,7,70.0,1.0,1.0,0.0
804,50,80,9448,1,65.0,1.0,1.0,2.0
805,25,10,9542,5,35.0,6.0,0.0,0.0
806,50,39,11431,3,47.0,5.0,0.0,1.0
807,54,38,6282,2,39.0,8.0,2.0,1.0
808,88,0,4891,6,41.0,7.0,0.0,0.0
809,35,88,11086,7,63.0,0.0,0.0,2.0
810,0,33,5319,4,85.0,10.0,0.0,0.0
811,60,40,9443,3,40.0,3.0,0.0,1.0
812,55,0,10499,8,30.0,10.0,0.0,0.0
813,45,55,11162,2,50.0,2.0,1.0,1.0
814,40,0,10030,6,38.0,5.0,0.0,0.0
815,75,85,10708,7,77.0,1.0,0.0,0.0
816,80,0,11442,8,35.0,5.0,2.0,0.0
817,59,41,11328,5,50.0,1.0,0.0,1.0
818,59,41,11150,4,90.0,2.0,1.0,1.0
819,35,65,5861,1,50.0,2.0,1.0,2.0
820,73,0,10876,6,35.0,10.0,0.0,0.0
821,50,50,11128,2,50.0,1.0,1.0,1.0
822,40,95,10440,4,80.0,6.0,1.0,1.0
823,67,100,5113,7,77.0,4.0,1.0,0.0
824,65,45,10591,5,35.0,6.0,1.0,0.0
825,45,31,5303,3,36.0,2.0,0.0,1.0
826,49,78,11041,1,68.0,1.0,2.0,2.0
827,40,89,2040,4,72.0,1.0,1.0,0.0
828,75,70,3637,1,75.0,2.0,1.0,1.0
829,17,35,9992,8,48.0,3.0,0.0,0.0
830,40,29,4894,6,34.0,0.0,1.0,1.0
831,47,42,11104,5,45.0,2.0,0.0,1.0
832,54,35,10699,2,62.0,0.0,2.0,0.0
833,60,15,11153,8,15.0,0.0,0.0,1.0
834,80,0,10304,3,78.0,5.0,0.0,0.0
835,50,100,9522,7,75.0,4.0,1.0,1.0
836,37,82,11596,4,72.0,2.0,1.0,1.0
837,60,80,11242,1,70.0,2.0,2.0,1.0
838,60,13,4770,3,39.0,4.0,1.0,1.0
839,83,17,9814,5,50.0,7.0,0.0,0.0
840,45,55,5850,2,50.0,4.0,1.0,1.0
841,25,10,10794,8,40.0,1.0,1.0,1.0
842,65,10,4229,6,60.0,9.0,0.0,0.0
843,60,0,10301,3,0.0,4.0,2.0,0.0
844,64,31,11284,5,73.0,6.0,1.0,0.0
845,45,100,9604,8,38.0,6.0,2.0,0.0
846,68,30,9584,2,49.0,3.0,1.0,1.0
847,45,70,10690,1,84.0,2.0,0.0,0.0
848,40,70,10368,4,60.0,0.0,1.0,1.0
849,60,0,4341,6,40.0,0.0,1.0,0.0
850,4,0,6741,8,0.0,0.0,0.0,0.0
851,75,20,6718,5,49.0,3.0,0.0,2.0
852,30,90,10274,1,37.0,2.0,1.0,1.0
853,45,90,9601,4,70.0,8.0,0.0,0.0
854,0,0,6552,3,23.0,9.0,0.0,0.0
855,20,50,9782,2,50.0,8.0,0.0,0.0
856,65,35,4255,5,50.0,2.0,1.0,0.0
857,65,99,6232,7,83.0,10.0,0.0,0.0
858,15,65,6216,1,60.0,0.0,2.0,2.0
859,50,12,3366,6,23.0,2.0,0.0,1.0
860,68,33,11407,8,22.0,4.0,0.0,0.0
861,60,90,4502,7,78.0,3.0,2.0,1.0
862,23,60,10681,2,45.0,3.0,1.0,2.0
863,81,30,6009,3,30.0,9.0,0.0,0.0
864,70,62,11308,4,69.0,8.0,0.0,0.0
865,73,88,10962,4,79.0,0.0,1.0,0.0
866,70,50,10543,2,76.0,1.0,1.0,2.0
867,75,38,10132,5,50.0,2.0,1.0,0.0
868,55,0,11468,8,28.0,4.0,0.0,0.0
869,90,35,4168,6,51.0,1.0,2.0,0.0
870,65,75,11089,7,70.0,0.0,1.0,2.0
871,93,10,6178,8,40.0,3.0,1.0,0.0
872,90,23,3728,6,40.0,4.0,1.0,2.0
873,80,85,5981,1,80.0,3.0,1.0,1.0
874,66,82,11117,4,80.0,1.0,1.0,1.0
875,70,80,5894,7,80.0,1.0,1.0,1.0
876,18,51,5773,2,49.0,2.0,2.0,0.0
877,67,80,10242,7,77.0,4.0,1.0,0.0
878,39,0,11572,6,48.0,8.0,2.0,0.0
879,30,71,11092,1,77.0,1.0,0.0,2.0
880,54,88,11416,4,77.0,0.0,1.0,1.0
881,60,38,11280,2,43.0,2.0,1.0,1.0
882,40,70,5237,4,80.0,4.0,0.0,1.0
883,84,84,9624,7,64.0,3.0,0.0,2.0
884,24,24,4343,5,38.0,1.0,1.0,0.0
885,40,0,5427,3,20.0,0.0,2.0,0.0
886,80,20,9616,6,40.0,2.0,0.0,0.0
887,41,59,6374,1,73.0,2.0,0.0,1.0
888,96,4,10293,8,40.0,3.0,0.0,0.0
889,80,90,4336,1,90.0,0.0,1.0,0.0
890,46,0,5003,3,0.0,2.0,2.0,0.0
891,74,42,4723,6,45.0,6.0,1.0,0.0
892,70,30,5943,5,50.0,1.0,0.0,1.0
893,33,79,5436,7,77.0,0.0,1.0,0.0
894,59,82,9741,4,82.0,1.0,0.0,2.0
895,30,40,10367,2,20.0,4.0,0.0,1.0
896,28,5,6075,8,10.0,4.0,2.0,0.0
897,36,95,6181,7,67.0,2.0,0.0,0.0
898,2,60,4219,5,33.0,3.0,2.0,0.0
899,70,0,10120,8,28.0,9.0,0.0,0.0
900,20,80,10658,1,50.0,0.0,2.0,1.0
901,65,100,5580,4,75.0,2.0,1.0,1.0
902,47,50,5546,2,50.0,10.0,0.0,0.0
903,50,20,10922,3,40.0,0.0,1.0,0.0
904,100,0,5783,6,60.0,2.0,2.0,0.0
905,75,5,5566,8,18.0,4.0,1.0,1.0
906,60,30,10886,2,50.0,2.0,0.0,1.0
907,77,38,11016,6,68.0,6.0,0.0,1.0
908,68,55,10674,5,64.0,3.0,1.0,1.0
909,47,48,2751,7,40.0,8.0,0.0,0.0
910,25,25,11260,3,25.0,1.0,0.0,0.0
911,50,59,11597,2,50.0,0.0,1.0,0.0
912,86,7,11321,6,40.0,3.0,1.0,0.0
913,50,50,10353,1,50.0,3.0,2.0,0.0
914,6,3,4081,8,17.0,3.0,0.0,0.0
915,40,87,6296,7,69.0,0.0,1.0,1.0
916,35,75,5884,4,60.0,2.0,1.0,1.0
917,25,1,5498,8,17.0,3.0,0.0,0.0
918,36,26,11168,5,34.0,1.0,0.0,1.0
919,60,20,5814,2,50.0,2.0,2.0,0.0
920,69,100,11598,1,75.0,3.0,0.0,2.0
921,97,4,10720,6,34.0,2.0,1.0,0.0
922,66,0,10758,3,31.0,1.0,0.0,0.0
923,50,96,11318,7,65.0,4.0,0.0,1.0
924,30,15,11394,3,35.0,4.0,1.0,1.0
925,40,67,10656,7,68.0,1.0,0.0,1.0
926,55,37,11177,5,68.0,1.0,2.0,0.0
927,56,100,11525,4,80.0,3.0,2.0,0.0
928,46,70,11043,2,45.0,0.0,1.0,1.0
929,40,99,10083,1,75.0,0.0,0.0,1.0
930,15,100,5348,1,70.0,4.0,0.0,1.0
931,60,40,10575,2,52.0,6.0,2.0,0.0
932,70,0,10848,6,30.0,8.0,0.0,0.0
933,70,20,4430,6,55.0,2.0,0.0,0.0
934,40,0,4280,3,20.0,5.0,0.0,0.0
935,40,57,5310,5,47.0,4.0,1.0,1.0
936,75,50,9860,2,35.0,5.0,0.0,0.0
937,90,5,6704,8,40.0,5.0,1.0,1.0
938,75,20,4659,5,48.0,4.0,0.0,0.0
939,75,85,10328,4,90.0,3.0,1.0,2.0
940,48,25,4645,8,29.0,2.0,2.0,0.0
941,80,80,10443,1,80.0,5.0,0.0,0.0
942,42,40,11395,3,43.0,2.0,1.0,0.0
943,29,23,4355,4,68.0,4.0,1.0,0.0
944,50,100,11268,7,80.0,4.0,2.0,2.0
945,27,69,4223,2,57.0,0.0,1.0,2.0
946,60,20,4715,6,40.0,5.0,0.0,0.0
947,50,4,9725,3,20.0,2.0,1.0,0.0
948,65,94,11315,7,81.0,3.0,0.0,1.0
949,75,100,11363,4,85.0,3.0,1.0,2.0
950,68,37,9995,8,39.0,5.0,1.0,0.0
951,60,40,6263,6,55.0,2.0,1.0,0.0
952,90,10,6330,5,66.0,2.0,1.0,0.0
953,60,32,9875,2,79.0,1.0,1.0,1.0
954,70,0,10770,6,40.0,3.0,1.0,0.0
955,80,5,10225,8,33.0,4.0,2.0,0.0
956,40,60,5835,5,40.0,0.0,1.0,1.0
957,86,96,11059,4,92.0,3.0,1.0,1.0
958,70,35,4815,2,40.0,1.0,1.0,0.0
959,70,30,3395,5,45.0,8.0,1.0,0.0
960,70,20,6570,3,60.0,2.0,0.0,1.0
961,88,95,10903,7,88.0,4.0,1.0,1.0
962,70,0,9508,8,33.0,5.0,1.0,0.0
963,25,95,11355,1,65.0,0.0,0.0,1.0
964,90,0,11373,3,30.0,4.0,0.0,0.0
965,30,100,11165,4,80.0,5.0,1.0,2.0
966,65,49,11508,2,40.0,2.0,0.0,0.0
967,40,100,11378,1,68.0,5.0,1.0,1.0
968,65,40,4363,5,50.0,3.0,0.0,2.0
969,70,1,11285,8,53.0,4.0,1.0,0.0
970,25,0,3609,6,25.0,7.0,1.0,0.0
971,45,55,5405,7,70.0,1.0,2.0,1.0
972,30,39,3195,2,30.0,1.0,1.0,1.0
973,80,10,11065,3,40.0,3.0,1.0,0.0
974,40,63,3693,7,48.0,0.0,1.0,1.0
975,20,95,9923,1,75.0,2.0,0.0,0.0
976,60,40,10400,5,65.0,5.0,0.0,0.0
977,40,78,9935,6,34.0,7.0,1.0,0.0
978,22,3,11142,3,45.0,5.0,1.0,0.0
979,0,0,11310,8,0.0,8.0,0.0,0.0
980,25,0,4218,8,25.0,0.0,1.0,0.0
981,60,25,10169,6,40.0,4.0,0.0,0.0
982,77,94,10990,4,85.0,5.0,1.0,1.0
983,80,2,6061,8,40.0,7.0,1.0,0.0
984,50,0,5629,3,25.0,8.0,0.0,0.0
985,50,20,2279,2,50.0,0.0,1.0,1.0
986,94,85,11329,4,97.0,9.0,0.0,0.0
987,19,19,4650,5,49.0,3.0,1.0,0.0
988,71,100,11599,7,65.0,3.0,0.0,1.0
989,75,90,10598,4,95.0,2.0,1.0,0.0
990,40,29,11179,1,51.0,1.0,1.0,1.0
991,40,80,2593,7,60.0,2.0,1.0,1.0
992,55,0,9739,8,30.0,4.0,1.0,0.0
993,51,100,11403,1,72.0,2.0,1.0,1.0
994,67,2,10864,6,69.0,8.0,1.0,0.0
995,40,0,5339,3,17.0,2.0,0.0,0.0
996,65,100,11489,4,68.0,0.0,0.0,1.0
997,70,40,9883,5,50.0,4.0,1.0,0.0
998,99,0,6825,3,33.0,3.0,0.0,1.0
999,87,0,6860,6,35.0,6.0,0.0,0.0
1000,70,0,6715,1,76.0,5.0,2.0,1.0
1001,30,49,11600,2,39.0,1.0,2.0,2.0
1002,40,0,10098,8,8.0,4.0,0.0,0.0
1003,45,19,9890,5,38.0,6.0,0.0,0.0
1004,45,4,10631,3,13.0,5.0,0.0,0.0
1005,96,4,4399,6,50.0,2.0,1.0,0.0
1006,62,62,4983,1,67.0,3.0,2.0,1.0
1007,77,89,6448,7,80.0,2.0,0.0,1.0
1008,70,98,4445,4,88.0,3.0,0.0,2.0
1009,36,13,6305,8,25.0,7.0,0.0,0.0
1010,45,55,10715,2,50.0,4.0,0.0,0.0
1011,50,100,3645,4,75.0,0.0,0.0,2.0
1012,37,83,5605,7,71.0,1.0,0.0,2.0
1013,0,0,10248,8,0.0,10.0,0.0,0.0
1014,72,42,9909,5,49.0,1.0,1.0,0.0
1015,45,95,11023,1,65.0,1.0,2.0,1.0
1016,39,0,11473,3,39.0,5.0,1.0,0.0
1017,40,70,5064,2,50.0,0.0,1.0,1.0
1018,50,50,4669,2,50.0,1.0,1.0,1.0
1019,65,40,5215,5,46.0,0.0,0.0,1.0
1020,65,100,10366,7,50.0,1.0,2.0,1.0
1021,69,33,4358,6,43.0,3.0,0.0,0.0
1022,70,25,11501,3,50.0,2.0,0.0,0.0
1023,40,60,5899,4,70.0,2.0,2.0,1.0
1024,50,70,11481,1,65.0,1.0,2.0,1.0
1025,54,15,10269,6,20.0,1.0,1.0,0.0
1026,55,5,10355,8,25.0,10.0,0.0,0.0
1027,80,20,6711,5,40.0,2.0,2.0,0.0
1028,25,1,11259,8,30.0,6.0,0.0,0.0
1029,22,100,5329,1,75.0,1.0,2.0,1.0
1030,25,70,5185,7,64.0,3.0,0.0,0.0
1031,72,25,10039,3,37.0,2.0,0.0,0.0
1032,80,35,9969,5,60.0,2.0,1.0,1.0
1033,80,0,4243,6,40.0,5.0,0.0,1.0
1034,40,60,5453,7,52.0,1.0,2.0,1.0
1035,50,45,5628,8,40.0,2.0,2.0,2.0
1036,30,0,4909,3,30.0,1.0,2.0,0.0
1037,28,0,10250,8,27.0,10.0,0.0,0.0
1038,30,100,11475,7,75.0,2.0,1.0,0.0
1039,60,100,4253,4,80.0,10.0,0.0,0.0
1040,50,5,5447,6,25.0,3.0,0.0,0.0
1041,60,40,11601,4,80.0,5.0,1.0,0.0
1042,35,85,6489,7,70.0,0.0,0.0,1.0
1043,50,50,5085,2,50.0,10.0,0.0,0.0
1044,75,25,11186,5,50.0,3.0,0.0,0.0
1045,50,0,10168,3,25.0,10.0,0.0,0.0
1046,35,100,10335,4,65.0,1.0,1.0,1.0
1047,66,90,11443,1,80.0,4.0,0.0,0.0
1048,95,6,6705,8,35.0,5.0,1.0,0.0
1049,22,84,10916,1,65.0,2.0,0.0,1.0
1050,72,28,10755,8,38.0,4.0,0.0,0.0
1051,30,4,10390,6,32.0,10.0,2.0,0.0
1052,27,25,4603,2,34.0,0.0,1.0,1.0
1053,50,50,9585,2,26.0,5.0,1.0,1.0
1054,79,38,9582,5,63.0,3.0,1.0,1.0
1055,95,6,5669,6,44.0,5.0,2.0,0.0
1056,60,100,4440,4,81.0,2.0,0.0,0.0
1057,30,70,11400,7,60.0,1.0,0.0,0.0
1058,75,25,10817,1,72.0,3.0,0.0,0.0
1059,75,0,6820,8,25.0,4.0,0.0,0.0
1060,74,18,4738,5,35.0,4.0,1.0,1.0
1061,83,5,6169,6,32.0,6.0,1.0,0.0
1062,65,1,9886,3,49.0,5.0,1.0,0.0
1063,75,45,10155,4,80.0,2.0,1.0,2.0
1064,69,95,9561,7,80.0,6.0,1.0,0.0
1065,75,1,10680,8,20.0,3.0,2.0,0.0
1066,40,100,9823,4,85.0,4.0,2.0,1.0
1067,65,35,10883,2,45.0,2.0,0.0,0.0
1068,16,2,6233,3,20.0,6.0,0.0,0.0
1069,87,1,10159,6,30.0,2.0,1.0,1.0
1070,80,30,5267,6,38.0,2.0,2.0,1.0
1071,58,0,4620,3,29.0,3.0,1.0,0.0
1072,65,100,11343,7,80.0,2.0,1.0,2.0
1073,63,37,11134,8,36.0,5.0,2.0,0.0
1074,50,40,4683,5,40.0,3.0,1.0,0.0
1075,60,100,10466,1,75.0,3.0,0.0,0.0
1076,70,63,4500,4,70.0,4.0,2.0,1.0
1077,40,60,4235,2,50.0,2.0,1.0,1.0
1078,37,75,10501,2,74.0,0.0,2.0,0.0
1079,50,60,9802,7,66.0,1.0,1.0,1.0
1080,60,40,10620,3,35.0,3.0,0.0,2.0
1081,100,56,11446,8,23.0,3.0,2.0,0.0
1082,68,33,5335,6,39.0,0.0,1.0,0.0
1083,61,82,9557,1,67.0,1.0,2.0,0.0
1084,82,33,11606,5,49.0,5.0,0.0,0.0
1085,40,60,10506,4,79.0,6.0,0.0,1.0
1086,85,3,11254,6,50.0,4.0,0.0,0.0
1087,80,91,11347,4,90.0,1.0,0.0,1.0
1088,45,65,10809,1,80.0,1.0,0.0,0.0
1089,25,25,11348,2,50.0,6.0,2.0,0.0
1090,87,5,11430,8,20.0,4.0,0.0,0.0
1091,50,33,11090,5,49.0,0.0,2.0,1.0
1092,38,100,11335,7,67.0,7.0,0.0,0.0
1093,36,0,10473,8,34.0,9.0,0.0,0.0
1094,66,42,10563,5,48.0,2.0,0.0,0.0
1095,22,32,9580,2,60.0,1.0,1.0,2.0
1096,64,100,10945,4,65.0,3.0,1.0,1.0
1097,33,75,11087,1,55.0,4.0,1.0,0.0
1098,50,100,11405,7,70.0,3.0,1.0,0.0
1099,83,0,11470,6,30.0,2.0,2.0,0.0
1100,70,30,10156,8,25.0,3.0,1.0,2.0
1101,90,15,9645,3,20.0,2.0,2.0,0.0
1102,32,88,10297,7,69.0,2.0,1.0,1.0
1103,54,21,10299,5,50.0,2.0,2.0,1.0
1104,33,42,11607,1,72.0,2.0,2.0,2.0
1105,92,21,10442,5,45.0,4.0,1.0,1.0
1106,67,0,4992,8,33.0,4.0,2.0,0.0
1107,65,100,11291,7,80.0,2.0,2.0,1.0
1108,45,55,10616,2,47.0,1.0,1.0,0.0
1109,63,46,11139,1,77.0,6.0,1.0,1.0
1110,93,60,10551,3,35.0,1.0,1.0,0.0
1111,40,100,11608,7,75.0,3.0,0.0,0.0
1112,85,4,10795,6,45.0,3.0,1.0,0.0
1113,84,13,6847,8,25.0,10.0,0.0,0.0
1114,25,25,11374,5,50.0,9.0,1.0,1.0
1115,50,100,5824,1,80.0,0.0,1.0,1.0
1116,73,90,11129,4,85.0,2.0,1.0,1.0
1117,90,5,5251,3,24.0,2.0,2.0,1.0
1118,68,76,11609,6,67.0,9.0,0.0,0.0
1119,30,80,10405,7,54.0,1.0,1.0,2.0
1120,42,5,11147,8,32.0,8.0,0.0,1.0
1121,70,50,11591,2,40.0,1.0,0.0,1.0
1122,40,75,10066,1,70.0,0.0,1.0,2.0
1123,67,100,11173,4,70.0,1.0,1.0,1.0
1124,80,40,11367,5,56.0,1.0,2.0,2.0
1125,3,40,5290,7,0.0,2.0,2.0,1.0
1126,70,10,11199,6,50.0,2.0,0.0,0.0
1127,50,25,6593,2,50.0,3.0,0.0,1.0
1128,59,40,5736,5,50.0,4.0,1.0,1.0
1129,60,0,4256,8,27.0,4.0,0.0,0.0
1130,50,100,6610,7,69.0,1.0,0.0,2.0
1131,40,60,5326,4,85.0,2.0,0.0,1.0
1132,39,58,10514,7,90.0,0.0,1.0,2.0
1133,80,80,5681,1,90.0,0.0,1.0,0.0
1134,40,55,4561,1,68.0,1.0,1.0,1.0
1135,25,25,5242,2,50.0,0.0,2.0,1.0
1136,10,85,10535,1,50.0,0.0,0.0,2.0
1137,45,58,2289,5,43.0,0.0,1.0,1.0
1138,60,0,5314,3,15.0,2.0,2.0,0.0
1139,40,100,4206,7,75.0,1.0,1.0,1.0
1140,55,0,3283,3,33.0,1.0,2.0,0.0
1141,25,28,9622,2,46.0,2.0,1.0,1.0
1142,80,20,3624,3,40.0,1.0,0.0,0.0
1143,61,38,6303,5,51.0,5.0,1.0,1.0
1144,69,40,5684,2,44.0,4.0,0.0,1.0
1145,71,42,5351,4,75.0,1.0,1.0,2.0
1146,20,80,6377,7,58.0,3.0,2.0,0.0
1147,80,80,11245,6,45.0,3.0,0.0,0.0
1148,46,84,10241,4,75.0,2.0,1.0,2.0
1149,98,2,10697,8,40.0,4.0,2.0,0.0
1150,50,0,11482,8,29.0,1.0,2.0,0.0
1151,66,100,11108,1,74.0,3.0,1.0,1.0
1152,70,30,9697,6,40.0,7.0,1.0,0.0
1153,45,5,3454,3,20.0,0.0,2.0,0.0
1154,27,17,10383,2,30.0,1.0,0.0,0.0
1155,66,50,11184,5,63.0,7.0,1.0,0.0
1156,40,80,10324,7,60.0,2.0,1.0,0.0
1157,73,98,5431,1,80.0,4.0,0.0,2.0
1158,70,0,9605,6,40.0,2.0,1.0,0.0
1159,85,30,11294,5,47.0,6.0,0.0,0.0
1160,55,0,4590,8,12.0,8.0,0.0,0.0
1161,45,30,11099,2,50.0,1.0,0.0,0.0
1162,47,100,4866,7,74.0,9.0,0.0,0.0
1163,65,45,5731,2,50.0,3.0,1.0,1.0
1164,40,60,6671,7,80.0,0.0,1.0,0.0
1165,68,79,5307,5,72.0,5.0,0.0,0.0
1166,45,55,3611,8,34.0,1.0,0.0,0.0
1167,66,4,5230,6,50.0,0.0,0.0,0.0
1168,60,40,9713,2,60.0,1.0,1.0,1.0
1169,77,0,11437,6,50.0,2.0,2.0,0.0
1170,59,3,4670,3,30.0,4.0,0.0,0.0
1171,50,50,3576,4,15.0,3.0,1.0,1.0
1172,50,0,10767,3,25.0,7.0,1.0,0.0
1173,15,70,5480,1,63.0,1.0,1.0,1.0
1174,70,96,5131,4,80.0,1.0,1.0,0.0
1175,75,0,5957,6,37.0,10.0,0.0,0.0
1176,89,50,4322,2,50.0,4.0,1.0,1.0
1177,90,0,6207,6,49.0,8.0,2.0,0.0
1178,50,100,10032,4,75.0,3.0,0.0,1.0
1179,75,100,4125,4,90.0,1.0,2.0,2.0
1180,82,36,10294,5,50.0,3.0,0.0,0.0
1181,90,63,5301,6,40.0,6.0,0.0,0.0
1182,23,63,11132,7,73.0,3.0,2.0,1.0
1183,80,5,6736,3,27.0,4.0,0.0,0.0
1184,61,95,10369,1,85.0,0.0,1.0,1.0
1185,80,5,6611,8,37.0,1.0,1.0,0.0
1186,68,37,10984,6,35.0,1.0,1.0,0.0
1187,47,57,4612,1,51.0,0.0,1.0,1.0
1188,40,0,6189,8,20.0,5.0,2.0,0.0
1189,52,40,6368,2,62.0,5.0,0.0,0.0
1190,62,45,11275,7,81.0,3.0,1.0,0.0
1191,39,0,10108,3,17.0,4.0,0.0,0.0
1192,60,30,4347,5,48.0,0.0,0.0,1.0
1193,80,40,5322,2,70.0,4.0,1.0,1.0
1194,100,0,5550,8,20.0,7.0,1.0,0.0
1195,60,0,9575,6,70.0,2.0,1.0,0.0
1196,51,86,6515,7,70.0,2.0,2.0,0.0
1197,78,37,11546,8,38.0,7.0,1.0,0.0
1198,30,66,3677,1,84.0,3.0,0.0,1.0
1199,50,100,11338,1,75.0,9.0,0.0,0.0
1200,44,33,10869,2,48.0,2.0,0.0,1.0
1201,60,90,11612,7,80.0,5.0,0.0,2.0
1202,54,62,4133,4,77.0,0.0,1.0,2.0
